speaker,thread_number,label,type,pos,utterance
A,1,REQ,OP,username/NN able/JJ try/NN removing/VBG hard/JJ drive/NN ?/. ,username able try removing hard drive ? 
B,1,ANSW,OP,username/JJ 've/VBP never/RB removed/VBN anything/NN !/. ,username 've never removed anything ! 
B,2,ANSW,OP,n't/RB even/RB know/VB find/NN !/. ,n't even know find ! 
B,3,ANSW,OP,since/IN last/JJ november/NN ,since last november 
A,1,ANSW,OP,"username/JJ clarify/NN ,/, remove/VB files/NNS physically/RB take/VBP hard/JJ drive/NN ./. ","username clarify , remove files physically take hard drive . "
B,1,REQ,OP,username/JJ take/NN .../: ,username take ... 
B,2,REQ,OP,inside/IN ?/. ?/. ?/. ,inside ? ? ? 
A,1,REQ,OP,username/JJ model/NN console/NN ?/. ,username model console ? 
A,2,REQ,OP,gb/NN something/NN different/JJ ?/. ,gb something different ? 
B,1,ANSW,OP,username/JJ 4gb/CD ,username 4gb 
A,1,REQ,OP,username/JJ try/NN clearing/VBG cache/NN resetting/VBG console/NN ?/. ,username try clearing cache resetting console ? 
A,2,ANSW,OP,'s/POS :/: url/JJ ^bb/NN ,'s : url ^bb 
B,1,ANSW,OP,username/JJ figured/VBD let/NN still/RB saying/VBG reinsert/JJ memory/NN device/NN ,username figured let still saying reinsert memory device 
A,1,REQ,OP,username/JJ anything/NN else/RB plugged/VBD console/NNS normally/RB ?/. ,username anything else plugged console normally ? 
A,2,REQ,OP,like/IN usb/JJ drive/NN anything/NN ?/. ,like usb drive anything ? 
B,1,ANSW,OP,username/JJ yes/RB 'm/VBP still/RB getting/VBG error/JJ message/NN usb/JJ remote/NN connected/VBD useing/JJ wireless/NN remote/NN ,username yes 'm still getting error message usb remote connected useing wireless remote 
A,1,REQ,OP,"username/JJ 've/VBP rebooted/VBN console/NN ,/, yes/UH ?/. ","username 've rebooted console , yes ? "
B,1,ANSW,OP,username/JJ correct/NN ,username correct 
A,1,REQ,OP,username/JJ error/NN come/VBN ?/. ,username error come ? 
B,1,ANSW,OP,"username/JJ ttry/NN play/NN movie/NN ,/, start/VB error/NN comes/VBZ ","username ttry play movie , start error comes "
A,1,REQ,OP,username/JJ playing/VBG movies/NNS ?/. ,username playing movies ? 
B,1,ANSW,OP,username/JJ n't/RB try/VB games/NNS .../: ,username n't try games ... 
B,2,REQ,OP,want/NN see/NN play/VBP video/NN game/NN ?/. ?/. ,want see play video game ? ? 
B,3,ANSW,OP,"username/JJ answer/NN ur/JJ question/NN yes/NN movies/NNS ,/, madden/NN loaded/VBD problem/NN ","username answer ur question yes movies , madden loaded problem "
A,1,ANSW,OP,"username/JJ sure/JJ ,/, 'd/JJ great/JJ ./. ","username sure , 'd great . "
A,2,REQ,OP,let/VB us/PRP know/VB errors/NNS come/VBP ./. ,let us know errors come . 
B,1,ANSW,OP,username/JJ error/NN ,username error 
A,1,REQ,OP,"username/JJ alright/NN ,/, happen/VB multiple/NN movies/NNS ?/. ","username alright , happen multiple movies ? "
B,1,ANSW,OP,username/JJ tried/VBD two/CD different/JJ movies/NNS ,username tried two different movies 
A,1,REQ,OP,username/JJ movie/NN streaming/VBG zune/NN ?/. ,username movie streaming zune ? 
A,2,REQ,OP,purchased/VBN ?/. ,purchased ? 
A,3,REQ,OP,played/VBN storage/NN device/NN ?/. ,played storage device ? 
B,1,ANSW,OP,username/JJ store/NN brought/VBD movie/NN ,username store brought movie 
A,1,REQ,OP,username/JJ dvd/NN ?/. ,username dvd ? 
B,1,ANSW,OP,username/JJ yes/NNS ,username yes 
B,2,ANSW,OP,username/NN also/RB dvds/RB tried/JJ play/NN 've/VBP played/VBN xbox/NNP numerous/JJ times/NNS prior/RB today/NN ,username also dvds tried play 've played xbox numerous times prior today 
A,1,REQ,OP,username/JJ console/NN wo/MD n't/RB play/VB dvd/NN 's/POS play/NN games/NNS ?/. ,username console wo n't play dvd 's play games ? 
A,2,ANSW,OP,username/JJ let/NN 's/POS try/JJ steps/NNS :/: url/JJ ^bb/NN ,username let 's try steps : url ^bb 
B,1,ANSW,OP,username/JJ correct/JJ dvds/NN games/NNS ,username correct dvds games 
B,2,ANSW,OP,username/JJ n't/RB wrk/VBD got/JJ end/NN said/VBD xbox/NNP need/NN serviced/VBD !/. ,username n't wrk got end said xbox need serviced ! 
A,1,ANSW,OP,"username/JJ hmm/NN ,/, may/MD 's/POS able/JJ play/NN discs/NN ,/, plays/VBZ xbox/NNP number/NN games/NNS issues/NNS possibly/RB discs^bb/VB ","username hmm , may 's able play discs , plays xbox number games issues possibly discs^bb "
B,1,ANSW,OP,username/JJ tried/VBD movie/NN temptations/NNS still/RB giving/VBG error/NN 's/POS third/JJ movie/NN idk/NN ,username tried movie temptations still giving error 's third movie idk 
A,1,REQ,OP,username/JJ old/JJ console/NN ?/. ,username old console ? 
B,1,ANSW,OP,username/JJ brought/VBD last/JJ november/JJ number/NN brand/NN new/JJ walmart/NN ,username brought last november number brand new walmart 
A,1,ANSW,OP,"username/JJ warranty/NN least/JJS ,/, repair/NN would/MD covered/VB ./. ","username warranty least , repair would covered . "
B,1,REQ,OP,username/JJ ok/NN go/VBP getting/VBG warranty/NN repair/NN ?/. ?/. ?/. ,username ok go getting warranty repair ? ? ? 
