speaker,thread_number,label,type,pos,utterance
A,1,REQ,OP,username/NN able/JJ try/NN plugging/VBG different/JJ usb/JJ port/NN ?/. ,username able try plugging different usb port ? 
B,1,ANSW,OP,"username/JJ free/JJ one/CD front/NN use/NN turtle/JJ beach/NN stuff/NN ,/, swap/NN kinect/JJ moment/NN ./. ","username free one front use turtle beach stuff , swap kinect moment . "
A,1,REQ,OP,"username/JJ 're/VBP using/VBG additional/JJ devices/NNS like/IN turtle/JJ beach/NN ,/, also/RB would/MD want/VB test/NN disconnected/VBN make/VBP sure/JJ ./. ","username 're using additional devices like turtle beach , also would want test disconnected make sure . "
B,1,ANSW,OP,"username/JJ prob/NN ,/, lem/JJ disconnect/NN headset/NN ,/, everything/NN else/RB unplugged/VBD ./. ","username prob , lem disconnect headset , everything else unplugged . "
B,2,ANSW,OP,going/VBG use/NN front/JJ usb/JJ port/NN ./. ,going use front usb port . 
A,1,RCPT,OP,"username/JJ sounds/VBZ good/JJ ,/, keep/VB us/PRP updated/JJ ./. ","username sounds good , keep us updated . "
B,1,ANSW,OP,"username/JJ kinect/NN appears/VBZ working/VBG ,/, however/RB 'm/VBP thrilled/JJ implication/NN headset/NN usb/JJ port/NN responsible/JJ ./. ","username kinect appears working , however 'm thrilled implication headset usb port responsible . "
A,1,ANSW,OP,"username/JJ totally/RB understand/JJ ,/, n't/RB try/VB one/CD time/NN help/NN determine/VB ./. ","username totally understand , n't try one time help determine . "
A,2,REQ,OP,maybe/RB try/VB back/RP usb/JJ port/NN see/VBP first/RB ./. ,maybe try back usb port see first . 
B,1,REQ,OP,"username/JJ sure/JJ thing/NN ,/, power/NN console/NN switch/NN ?/. ","username sure thing , power console switch ? "
A,1,ANSW,OP,"username/JJ yeah/UH ,/, let/VB 's/POS go/VB ahead/RB try/NN ./. ","username yeah , let 's go ahead try . "
B,1,ANSW,OP,"username/JJ rear/JJ port/NN result/NN :/: even/RB able/JJ sign/NN ,/, kinect/NN started/VBD rebooting/VBG repeatedly/RB ./. ","username rear port result : even able sign , kinect started rebooting repeatedly . "
B,2,ANSW,OP,'s/POS looping/VBG reboots/NNS ./. ,'s looping reboots . 
A,1,REQ,OP,username/JJ clarify/NN whether/IN 're/VBP part/NN dashboard/JJ preview/NN program/NN ?/. ,username clarify whether 're part dashboard preview program ? 
B,1,ANSW,OP,"username/JJ addition/NN ,/, kinect/NN started/VBD rebooting/VBG using/VBG rear/JJ port/NN ,/, interrupting/VBG fruit/NN ninja/NN ./. ","username addition , kinect started rebooting using rear port , interrupting fruit ninja . "
A,1,RCPT,OP,username/NN .../: ,username ... 
A,2,REQ,OP,"clarify/NN ,/, long/RB owned/VBN sensor/NN ?/. ","clarify , long owned sensor ? "
B,1,ANSW,OP,username/NN purchased/VBD sensor/NN week/NN launched/VBN ./. ,username purchased sensor week launched . 
A,1,REQ,OP,username/NN 's/POS worked/VBN fine/JJ last/JJ couple/NN days/NNS ?/. ,username 's worked fine last couple days ? 
A,2,REQ,OP,recent/JJ issues/NNS ?/. ,recent issues ? 
B,1,ANSW,OP,"username/JJ literally/RB night/NN wrote/VBD ,/, 's/POS perfect/NN ./. ","username literally night wrote , 's perfect . "
A,1,RCPT,OP,username/JJ hrmm/NN ./. ,username hrmm . 
A,2,ANSW,OP,"okay/NN ,/, 's/POS likely/JJ sensor/NN may/MD need/VB repaired/VBN ./. ","okay , 's likely sensor may need repaired . "
A,3,REQ,OP,possibility/NN testing/VBG friend/NN 's/POS console/NN ?/. ,possibility testing friend 's console ? 
B,1,REQ,OP,"username/JJ really/RB ,/, could/MD usb/VB cable/NN rather/RB sensor/NN ?/. ","username really , could usb cable rather sensor ? "
A,1,ANSW,OP,username/NN certainly/RB possibility/NN ./. ,username certainly possibility . 
A,2,ANSW,OP,"comes/VBZ issue/NN console/NN ,/, kinect/VB sensor/NN usb/JJ cable/NN point/NN ./. ","comes issue console , kinect sensor usb cable point . "
B,1,REQ,OP,username/JJ possible/JJ replace/VB usb/JJ cable/NN kinect/NN sensor/NN ?/. ,username possible replace usb cable kinect sensor ? 
