speaker,thread_number,label,type,pos,utterance
A,1,REQ,OP,username/NN wo/MD n't/RB close/VB ?/. ,username wo n't close ? 
A,2,REQ,OP,nothing/NN happens/VBZ press/NN eject/JJ button/NN ?/. ,nothing happens press eject button ? 
B,1,ANSW,OP,"username/JJ press/NN button/NN closes/NNS ,/, way/NN ./. ","username press button closes , way . "
B,2,ANSW,OP,'s/POS like/IN something/NN jamming/NN ./. ,'s like something jamming . 
A,1,REQ,OP,"username/JJ hmm/NN ,/, able/JJ take/NN front/NN cover/NN ?/. ","username hmm , able take front cover ? "
A,2,ANNOU,OP,guide/NN show/NN :/: url/JJ ^bb/NN ,guide show : url ^bb 
B,1,ANSW,OP,username/JJ yeah/NN took/VBD cover/RB right/JJ ./. ,username yeah took cover right . 
A,1,REQ,OP,username/NN help/NN ?/. ,username help ? 
B,1,ANSW,OP,"username/JJ really/RB ,/, video/NN problem/NN 'm/VBP ./. ","username really , video problem 'm . "
B,2,ANSW,OP,url/NN ,url 
A,1,REQ,OP,"username/JJ ouch/JJ ,/, old/JJ console/NN way/NN ?/. ","username ouch , old console way ? "
B,1,ANSW,OP,username/NN 's/POS old/JJ ./. ,username 's old . 
B,2,ANSW,OP,got/NNS like/IN 2009/CD ?/. ,got like 2009 ? 
B,3,ANSW,OP,n't/RB think/VB old/JJ anything/NN though/IN ./. ,n't think old anything though . 
A,1,ANSW,OP,"username/NN know/VBP ,/, curious/JJ ./. ","username know , curious . "
A,2,ANSW,OP,always/RB get/VB repair/NN request/NN done/VBN need/NN :/: url/JJ ^bb/NN ,always get repair request done need : url ^bb 
B,1,ANSW,OP,"username/NN 's/POS okay/NN ,/, disassembled/VBD turns/NNS ,/, disc/NN stuck/VBD try/NN ./. ","username 's okay , disassembled turns , disc stuck try . "
A,1,ANSW,OP,username/JJ oh/JJ wow/NN ./. ,username oh wow . 
A,2,REQ,OP,fix/JJ issue/NN ?/. ,fix issue ? 
