speaker,thread_number,label,type,pos,utterance
A,1,ANNOU,OP,username/NN downloaded/VBD game/NN n't/RB work/VB usb/RB still/RB n't/RB work/VB ./. ,username downloaded game n't work usb still n't work . 
A,2,ANNOU,OP,'ve/VBP done/VBN clear/JJ system/NN cache/NN stuff/NN ,'ve done clear system cache stuff 
B,1,ANSW,OP,username/JJ sounds/VBZ bit/NN frustrating/JJ ./. ,username sounds bit frustrating . 
B,2,REQ,OP,getting/VBG particular/JJ error/NN try/VB access/NN game/NN ?/. ,getting particular error try access game ? 
A,1,ANSW,OP,username/JJ disk/NN unreadable/JJ ,username disk unreadable 
B,1,REQ,OP,"username/JJ okay/NN ,/, able/JJ download/NN similarly/RB sized/VBD title/JJ marketplace/NN mentioned/VBD troubleshooting/VBG steps/NNS ?/. ","username okay , able download similarly sized title marketplace mentioned troubleshooting steps ? "
A,1,ANSW,OP,"username/JJ ok/NN ,/, downloaded/VBD game/NN last/JJ year/NN since/IN downloaded/VBD many/JJ demos/NNS ./. ","username ok , downloaded game last year since downloaded many demos . "
A,2,ANSW,OP,try/NN ,try 
B,1,ANSW,OP,"username/JJ idea/NN try/NN storing/VBG game/NN different/JJ part/NN hard/JJ drive/NN ,/, may/MD help/VB resolve/VB issue/NN ./. ","username idea try storing game different part hard drive , may help resolve issue . "
A,1,COMPLAINT,CL,username/NN downloaded/VBD another/DT game/NN disk/NN unreadable/JJ 'm/VBP sick/JJ xbox/NNP error/NN error/NN wanted/VBD play/NN aswell/RB thanks/NNS ,username downloaded another game disk unreadable 'm sick xbox error error wanted play aswell thanks 
