speaker,thread_number,label,type,pos,utterance
A,1,REQ,OP,username/NN still/RB unable/JJ download/NN profile/NN ?/. ,username still unable download profile ? 
A,2,REQ,OP,give/VB us/PRP shout/RB try/NN ./. ,give us shout try . 
B,1,ANSW,OP,username/NN tried/VBD &/CC amp/NN ;/: starts/VBZ download/NN gives/VBZ exact/JJ error/NN ,username tried & amp ; starts download gives exact error 
A,1,THK,OP,"username/JJ alright/NN ,/, thanks/NNS letting/VBG us/PRP know/VBP ./. ","username alright , thanks letting us know . "
A,2,ANSW,SV,'s/POS issue/NN 's/POS currently/RB investigation/NN ^pc/NN ,'s issue 's currently investigation ^pc 
B,1,THK,SV,username/JJ ok/JJ thanks/NNS letting/VBG know/NN ./. ,username ok thanks letting know . 
A,1,RESPOS,SV,username/JJ 're/VBP welcome/JJ ^pc/NN ,username 're welcome ^pc 
