speaker,thread_number,label,type,pos,utterance
A,1,REQ,OP,username/JJ error/NN ?/. ,username error ? 
B,1,ANSW,OP,username/NN 's/POS kind/NN working/NN ./. ,username 's kind working . 
B,2,REQ,OP,way/NN remove/VB membership/NN ?/. ,way remove membership ? 
A,1,REQ,OP,username/JJ trying/VBG cancel/NN gold/NN membership/NN ?/. ,username trying cancel gold membership ? 
B,1,ANSW,OP,username/JJ yes/UH ./. ,username yes . 
A,1,ANSW,OP,"username/NN 's/POS info/NN ,/, hope/NN helps/VBZ :/: url/JJ ^bb/NN ","username 's info , hope helps : url ^bb "
B,1,THK,SV,"username/JJ thank/NN ,/, worked/VBD ./. ","username thank , worked . "
A,1,RESPOS,SV,"username/JJ fantastic/JJ ,/, glad/NN could/MD help/VB !/. ","username fantastic , glad could help ! "
