speaker,thread_number,label,type,pos,utterance
A,1,REQ,OP,username/JJ 're/VBP trying/VBG open/JJ ports/NNS router/NN ?/. ,username 're trying open ports router ? 
B,1,ANSW,OP,username/RB well/RB checking/VBG ports/NNS need/VBP open/JJ xbox/NNP open/VB ,username well checking ports need open xbox open 
B,2,ANSW,OP,"username/JJ yeah/NN see/NN ports/NNS need/VBP open/JJ xbox/NNP open/JJ ,/, ea/JJ told/VBD could/MD problem/NN ","username yeah see ports need open xbox open , ea told could problem "
A,1,ANSW,SV,"username/JJ ah/NN ,/, 's/POS info/NN !/. ","username ah , 's info ! "
A,2,ANSW,SV,url/JJ ^bb/NN ,url ^bb 
A,3,RCPT,SV,"username/JJ gotcha/NN ,/, hope/NN helps/VBZ !/. ","username gotcha , hope helps ! "
B,1,REQ,OP,"username/JJ ok/VBZ another/DT question/NN ,/, happens/VBZ open/JJ ports/NNS router/NN business/NN files/NNS cant/VBP lose/VB ","username ok another question , happens open ports router business files cant lose "
A,1,ANSW,OP,username/JJ n't/RB affect/VB anything/NN like/IN computer/NN ./. ,username n't affect anything like computer . 
A,2,ANSW,OP,helps/NNS router/VB connect/JJ live/JJ easier/JJR ./. ,helps router connect live easier . 
B,1,ANSW,OP,username/JJ ohh/RB probadly/RB wont/JJ help/NN freezing/VBG download/NN ,username ohh probadly wont help freezing download 
A,1,ANSW,OP,username/NN 's/POS download/NN xbox/NNP live/VBP help/NN possibly/RB ./. ,username 's download xbox live help possibly . 
B,1,ANSW,OP,username/RB well/RB ea/JJ sports/NNS early/RB release/VBP download/JJ xbox/NNP live/NN ,username well ea sports early release download xbox live 
