speaker,thread_number,label,type,pos,utterance
A,1,REQ,OP,username/JJ game/NN installed/VBD hdd/NN ?/. ,username game installed hdd ? 
B,1,ANSW,OP,username/NN ,username 
A,1,REQ,OP,username/JJ let/NN 's/POS try/VB redownloading/VBG profile/JJ see/NN helps/VBZ :/: url/JJ ^bb/NN ,username let 's try redownloading profile see helps : url ^bb 
B,1,ANSW,OP,username/JJ n't/RB really/RB mind/VB much/JJ n't/RB really/RB use/VB online/JJ feature/NN anymore/RB happens/VBZ f1/JJ number/NN 'll/MD NEGEMT/VB ,username n't really mind much n't really use online feature anymore happens f1 number 'll NEGEMT 
A,1,ANSW,OP,"username/JJ alright/NN ,/, well/RB ,/, sure/JJ let/VB us/PRP know/VB help/NN !/. ","username alright , well , sure let us know help ! "
B,1,ANSW,OP,username/JJ actually/RB one/CD re-download/NN profile/NN dosent/NN work/NN would/MD next/VB ?/. ,username actually one re-download profile dosent work would next ? 
A,1,ANSW,OP,username/NN may/MD need/VB take/VB look/NN network/NN ./. ,username may need take look network . 
A,2,REQ,OP,quick/JJ restart/NN downloading/VBG good/JJ idea/NN ^pc/NN ,quick restart downloading good idea ^pc 
B,1,REQ,OP,username/NN could/MD router/VB isint/NN best/JJS 's/POS ok/JJ everything/NN goes/VBZ haywire/RB happens/VBZ laptops/JJ phones/NNS everything/NN ,username could router isint best 's ok everything goes haywire happens laptops phones everything 
