speaker,thread_number,label,type,pos,utterance
A,1,REQ,OP,username/JJ xbox/NNP live/JJ support/NN soccer/NN ?/. ,username xbox live support soccer ? 
B,1,ANSW,OP,"username/JJ sure/JJ ,/, lots/JJ soccer/NN fans/NNS !/. ","username sure , lots soccer fans ! "
A,1,REQ,OP,username/JJ even/RB lift/VB ?/. ,username even lift ? 
B,1,REQ,OP,username/JJ support/NN questions/NNS today/NN ?/. ,username support questions today ? 
A,1,REQ,OP,username/JJ remember/VB ?/. ,username remember ? 
B,1,REQ,SV,username/JJ please/NN let/VB us/PRP know/VB xbox/JJ support/NN questions/NNS ./. ,username please let us know xbox support questions . 
A,1,ANSW,OP,username/JJ cut/NN work/NN talk/NN let/NN 's/POS chat/NN ,username cut work talk let 's chat 
B,1,ANNOU,SV,username/JJ xbox/NNP support/NN questions/NNS ./. ,username xbox support questions . 
A,1,REQ,OP,"username/JJ 4gb/CD cost/NN $/$ 200/CD 250gb/CD costs/NNS $/$ 300/CD ,/, want/VBP cheap/JJ one/CD alot/NN space/NN ","username 4gb cost $ 200 250gb costs $ 300 , want cheap one alot space "
A,2,REQ,OP,username/NN like/IN led/VBN zeppelin/NN ?/. ,username like led zeppelin ? 
