speaker,thread_number,label,type,pos,utterance
A,1,REQ,OP,username/JJ attempting/VBG close/RB ?/. ,username attempting close ? 
B,1,ANSW,OP,username/JJ url/JJ website/NN ./. ,username url website . 
A,1,REQ,OP,username/JJ account/NN gold/NN subscription/NN ?/. ,username account gold subscription ? 
B,1,ANSW,OP,"username/JJ yes/UH ,/, 's/POS gold/NN subscription/NN ./. ","username yes , 's gold subscription . "
A,1,REQ,OP,username/JJ steps/NNS taking/VBG website/NN ?/. ,username steps taking website ? 
B,1,ANSW,OP,username/JJ tried/VBD clicking/VBG 'close/JJ account/NN '/POS gives/VBZ message/NN ./. ,username tried clicking 'close account ' gives message . 
A,1,REQ,OP,"username/JJ seeing/VBG option/NN ,/, exactly/RB ?/. ","username seeing option , exactly ? "
B,1,ANSW,OP,username/JJ url/NN ,username url 
A,1,THK,OP,username/JJ thank/NN !/. ,username thank ! 
A,2,REQ,OP,account/NN family/NN pack/NN anything/NN else/RB ?/. ,account family pack anything else ? 
B,1,ANSW,OP,"username/JJ prob/NN ,/, nope/NN ./. ","username prob , nope . "
A,1,REQ,OP,username/JJ chance/NN call/NN phone/NN support/NN ?/. ,username chance call phone support ? 
B,1,ANSW,OP,"username/JJ nope/NN ,/, call/NN .../: ","username nope , call ... "
B,2,REQ,OP,?/. ,? 
A,1,REQ,OP,"username/JJ might/MD good/JJ idea/NN ,/, need/VBP #/# ?/. ","username might good idea , need # ? "
B,1,ANSW,OP,username/JJ yeah/NN ./. ,username yeah . 
A,1,REQ,OP,username/JJ country/NN ?/. ,username country ? 
B,1,ANSW,OP,username/JJ u.s/NN ./. ,username u.s . 
A,1,ANSW,SV,username/JJ go/NN !/. ,username go ! 
A,2,ANSW,SV,1-800-469-9269/JJ ^bb/NN ,1-800-469-9269 ^bb 
B,1,THK,SV,username/JJ thanks/NNS help/NN !/. ,username thanks help ! 
