speaker,thread_number,label,type,pos,utterance
A,1,ANSW,OP,username/JJ 'd/MD recommend/VB buying/NN products/NNS new/JJ n't/RB risk/NN happening/VBG ./. ,username 'd recommend buying products new n't risk happening . 
B,1,REQ,OP,username/JJ well/RB means/VBZ pretty/JJ mucg/RB wasted/VBD much/JJ money/NN ca/MD n't/RB use/VB ?/. ,username well means pretty mucg wasted much money ca n't use ? 
B,2,ANNOU,OP,smh/NN ,smh 
A,1,ANSW,OP,"username/JJ unfortunately/RB ,/, 's/POS much/JJ console/NN modified/VBN ./. ","username unfortunately , 's much console modified . "
B,1,ANSW,OP,username/RB well/RB mean/VB 've/VBP banned/VBN like/IN twice/RB ./. ,username well mean 've banned like twice . 
B,2,ANSW,OP,kinda/VB hard/JJ playing/VBG online/NN mods/NNS get/VBP banned/VBN ./. ,kinda hard playing online mods get banned . 
B,3,ANSW,OP,haha/NN ,haha 
A,1,ANSW,OP,username/JJ might/MD want/VB get/VB unmodified/JJ console/NN able/JJ play/NN without/IN suspension/NN ./. ,username might want get unmodified console able play without suspension . 
B,1,ANSW,OP,username/RB well/RB number/NN gig/NN slim/NN modded/VBD one/CD need/NN everything/NN might/MD destroy/VB modded/VBD one/CD ./. ,username well number gig slim modded one need everything might destroy modded one . 
A,1,ANSW,SV,username/JJ n't/RB recommend/VB using/VBG modded/JJ console/NN controller/NN ./. ,username n't recommend using modded console controller . 
B,1,ANSW,SV,username/JJ though/IN fun/NN ./. ,username though fun . 
B,2,COMPLIM,SV,POSEMT/NN ,POSEMT 
A,1,REQ,SV,"username/JJ let/VB us/PRP know/VB xbox/JJ questions/NNS ,/, thanks/NNS !/. ","username let us know xbox questions , thanks ! "
