speaker,thread_number,label,type,pos,utterance
A,1,ANSW,OP,"username/JJ hear/NN ,/, features/VBZ come/VBN along/IN gold/JJ subscription/NN well/RB ./. ","username hear , features come along gold subscription well . "
A,2,THK,OP,thanks/NNS feedback/VBP ^oz/NN ,thanks feedback ^oz 
B,1,REQ,OP,username/JJ 're/VBP telling/VBG pay/NN watch/NN free/JJ video/NN streaming/VBG website/NN ?/. ,username 're telling pay watch free video streaming website ? 
B,2,ANSW,OP,phone/NN play/NN youtube/NN ,phone play youtube 
A,1,ANSW,SV,username/JJ get/VB full/JJ live/JJ experience/NN gold/NN subscription/NN needed/VBN ./. ,username get full live experience gold subscription needed . 
B,1,ANSW,SV,"username/JJ alright/NN ,/, wan/WP na/RB give/VBP constructive/JJ feedback/NN url/NN ","username alright , wan na give constructive feedback url "
A,1,ANSW,SV,username/JJ feel/NN free/JJ post/NN feedback/NN online/NN url/JJ ^lb/NN ,username feel free post feedback online url ^lb 
