speaker,thread_number,label,type,pos,utterance
A,1,REQ,OP,username/JJ controllers/NNS test/NN ?/. ,username controllers test ? 
B,1,ANSW,OP,username/JJ yeah/NN batteries/NNS n't/RB disconnect/VB ./. ,username yeah batteries n't disconnect . 
B,2,REQ,OP,loose/JJ connection/NN somewhere/RB maybe/RB ?/. ,loose connection somewhere maybe ? 
A,1,ANSW,OP,username/JJ sounds/VBZ like/IN 's/POS controller/NN ./. ,username sounds like 's controller . 
A,2,REQ,OP,tried/VBN resyncing/NN ?/. ,tried resyncing ? 
B,1,ANSW,SV,"username/JJ think/VBP 've/VBP diagnosed/VBN problem/NN ,/, batteries/NNS charged/VBD fine/JJ loose/JJ connection/NN controller/NN ./. ","username think 've diagnosed problem , batteries charged fine loose connection controller . "
B,2,COMPLIM,SV,POSEMT/NN ,POSEMT 
