speaker,thread_number,label,type,pos,utterance
A,1,REQ,OP,username/NN connect/NN network/NN console/NN ?/. ,username connect network console ? 
B,1,ANSW,OP,"username/JJ use/NN wireless/NN ,/, actually/RB connecting/VBG like/IN every/DT number/NN min/NN ./. ","username use wireless , actually connecting like every number min . "
A,1,REQ,OP,username/JJ able/JJ test/NN wired/VBD connection/NN see/NN happens/NNS ?/. ,username able test wired connection see happens ? 
B,1,ANSW,OP,"username/JJ actually/RB ,/, internet/JJ cable/NN 1st/CD floor/NN moved/VBD tv/NN sec/NN ./. ","username actually , internet cable 1st floor moved tv sec . "
B,2,ANSW,OP,cant/NN moved/VBD aswell/RB ,cant moved aswell 
A,1,REQ,OP,username/JJ using/VBG built-in/JJ wifi/NN wireless/NN adapter/NN ?/. ,username using built-in wifi wireless adapter ? 
B,1,ANSW,OP,"username/JJ built-in/JJ wifi/NN receptor/NN (/( xbox/NNP slim/NN )/) seems/VBZ working/VBG properly/RB ,/, thanks/NNS support/NN ","username built-in wifi receptor ( xbox slim ) seems working properly , thanks support "
