speaker,thread_number,label,type,pos,utterance
A,1,REQ,OP,username/NN cord/NN ?/. ,username cord ? 
B,1,ANSW,OP,username/JJ plag/NN go/VBP kit/NN charger/NN ,username plag go kit charger 
A,1,REQ,OP,username/JJ order/NN one/CD ?/. ,username order one ? 
B,1,ANSW,OP,username/JJ yeah/NN ,username yeah 
A,1,REQ,OP,username/JJ order/NN ?/. ,username order ? 
B,1,ANSW,OP,"username/NN called/VBD support/NN line/NN send/VBP one/CD move/NN 's/POS charging/NN ,/, intell/NN keep/VB still/RB ","username called support line send one move 's charging , intell keep still "
