speaker,thread_number,label,type,pos,utterance
A,1,REQ,OP,"username/JJ thanks/NNS ,/, number/NN error/NN ?/. ","username thanks , number error ? "
B,1,ANSW,OP,username/JJ think/VBP yeah/UH ./. ,username think yeah . 
B,2,ANSW,OP,'d/MD check/VB 's/POS half/JJ time/NN fafa/JJ land/NN ,'d check 's half time fafa land 
B,3,ANSW,OP,username/JJ fifa/NN haha/NN ,username fifa haha 
A,1,ANSW,OP,"username/RB well/RB ,/, 's/POS currently/RB issues/NNS youtube/VBP looked/VBN ./. ","username well , 's currently issues youtube looked . "
A,2,ANNOU,OP,keep/VB eye/NN :/: url/JJ ^bb/NN ,keep eye : url ^bb 
A,3,REQ,OP,username/NN 's/POS fifa/NN ?/. ,username 's fifa ? 
B,1,ANSW,OP,"username/JJ cool/NN ,/, thanks/NNS POSEMT/NNP also/RB tried/VBD tweetin/JJ turn10/NN bout/IN lvl/JJ prob/NN (/( reply/NN )/) email/NN (/( still/RB nuthin/RB )/) ","username cool , thanks POSEMT also tried tweetin turn10 bout lvl prob ( reply ) email ( still nuthin ) "
B,2,ANSW,OP,username/JJ nah/JJ fifa/NN 's/POS good/JJ ./. ,username nah fifa 's good . 
B,3,ANSW,OP,"'s/POS forza4/NN ,/, heard/VBD level/NN number/NN nxt/JJ level/NN 1/CD ./. ","'s forza4 , heard level number nxt level 1 . "
B,4,ANSW,OP,keep/VB goin/NN number/NN number/NN ,keep goin number number 
A,1,REQ,OP,username/JJ clarify/VB issue/NN ?/. ,username clarify issue ? 
A,2,RCPT,OP,"username/JJ oh/UH ,/, right/JJ ./. ","username oh , right . "
A,3,APOL,OP,sorry/JJ confusion/NN ./. ,sorry confusion . 
A,4,ANSW,OP,n't/RB info/VB one/CD ./. ,n't info one . 
A,5,REQ,OP,tried/JJ contacting/VBG developer/NN ?/. ,tried contacting developer ? 
B,1,ANSW,OP,username/NN want/VBP keep/VB racing/VBG dont/JJ wan/NN na/TO see/VB level/JJ drop/NN bak/VBD 1/CD ./. ,username want keep racing dont wan na see level drop bak 1 . 
B,2,ANSW,OP,atm/NN 'm/VBP username/JJ lvl/NN 245/CD ./. ,atm 'm username lvl 245 . 
B,3,REQ,OP,u/JJ meant/NN ?/. ,u meant ? 
B,4,ANSW,OP,username/JJ tried/JJ tweets/NNS sent/VBD emails/NNS word/NN ./. ,username tried tweets sent emails word . 
B,5,ANSW,OP,site/NN pretty/RB much/JJ say/VBP wont/JJ read/NN emails/NNS ./. ,site pretty much say wont read emails . 
A,1,REQ,OP,"username/JJ yeah/NN ,/, able/JJ contact/NN developer/NN level/NN worries/NNS ?/. ","username yeah , able contact developer level worries ? "
A,2,ANSW,OP,"username/JJ see/NN ,/, well/RB helps/VBZ n't/RB anyone/NN else/RB come/VBP us/PRP issue/NN know/VBP ./. ","username see , well helps n't anyone else come us issue know . "
B,1,ANSW,OP,username/JJ really/RB lol/JJ 've/VBP heard/VBN ppl/NN game/NN could/MD jst/VB lying/VBG oc/JJ dont/NN like/IN idea/NN lvl1/NN ,username really lol 've heard ppl game could jst lying oc dont like idea lvl1 
A,1,RCPT,OP,username/JJ hear/JJ ya/NN ./. ,username hear ya . 
