speaker,thread_number,label,type,pos,utterance
A,1,REQ,OP,username/JJ current/JJ status/NN issue/NN ?/. ,username current status issue ? 
B,1,ANSW,OP,username/NN said/VBD starting/VBG investigation/NN better/RBR get/VB tag/JJ back/RB ,username said starting investigation better get tag back 
A,1,ANSW,OP,"username/JJ ah/NN ,/, case/NN 'll/MD want/VB wait/NN results/NNS investigation/NN moving/VBG forward/RB ./. ","username ah , case 'll want wait results investigation moving forward . "
B,1,ANSW,OP,username/JJ well/RB got/VBD tag/NNS back/RB stupid/JJ cant/NN og/IN ``/`` conclusion/NN ``/`` back/RB seriously/RB way/NN bac/NN ,username well got tag back stupid cant og `` conclusion '' back seriously way bac 
