speaker,thread_number,label,type,pos,utterance
A,1,ANSW,SV,username/NN 's/POS currently/RB issues/NNS accounts/NNS looked/VBD ./. ,username 's currently issues accounts looked . 
A,2,ANNOU,SV,check/NN url/JJ info/NN ./. ,check url info . 
A,3,REQ,OP,username/NN happens/VBZ go/VB forums/NNS ?/. ,username happens go forums ? 
B,1,ANSW,OP,username/NN constantly/RB getting/VBG run/VBN time/NN error/NN error/NN ./. ,username constantly getting run time error error . 
B,2,ANSW,OP,whole/JJ site/NN like/IN ./. ,whole site like . 
