speaker,thread_number,label,type,pos,utterance
A,1,REQ,OP,username/NN able/JJ try/NN running/VBG connection/NN test/NN ?/. ,username able try running connection test ? 
A,2,REQ,OP,let/VB us/PRP know/VB happens/VBZ ./. ,let us know happens . 
B,1,ANSW,OP,username/JJ n't/RB find/VB live/JJ tried/JJ redownloading/NN account/NN would/MD n't/RB let/VB ,username n't find live tried redownloading account would n't let 
A,1,ANSW,SV,username/NN 's/POS currently/RB issues/NNS downloading/VBG accounts/NNS ./. ,username 's currently issues downloading accounts . 
A,2,ANNOU,SV,check/NN info/NN :/: url/JJ updates/NNS !/. ,check info : url updates ! 
