speaker,thread_number,label,type,pos,utterance
A,1,REQ,OP,username/JJ try/VB support/NN site/NN different/JJ browser/NN ?/. ,username try support site different browser ? 
B,1,ANSW,OP,"username/JJ tried/VBD chrome/NN ,/, safari/NN ,/, nothing/NN works/NNS fella/NN ./. ","username tried chrome , safari , nothing works fella . "
B,2,ANSW,OP,gave/VBD end/NN ./. ,gave end . 
A,1,REQ,OP,username/JJ able/JJ sign/NN url/NN ?/. ,username able sign url ? 
B,1,ANSW,OP,username/JJ yes/NNS ca/MD n't/RB contact/VB support/NN ./. ,username yes ca n't contact support . 
B,2,ANSW,OP,access/NN everything/NN else/RB account/NN ./. ,access everything else account . 
A,1,REQ,OP,"username/JJ hmm/NN ,/, country/NN website/NN set/VBN bottom/NN left/VBD corner/NN ?/. ","username hmm , country website set bottom left corner ? "
B,1,ANSW,OP,username/JJ england/NN mate/NN ./. ,username england mate . 
B,2,REQ,OP,way/NN get/VB resolved/VBN ?/. ,way get resolved ? 
B,3,ANSW,OP,username/JJ error/NN get/VB ``/`` invalid/JJ data/NN ./. ,username error get `` invalid data . 
B,4,REQ,OP,please/VB check/VB information/NN ``/`` even/RB though/IN signed/VBN see/NN account/NN infotmation/NN ./. ,please check information '' even though signed see account infotmation . 
A,1,ANSW,OP,username/JJ sure/JJ hope/NN ./. ,username sure hope . 
A,2,REQ,OP,selecting/VBG drop/NN downs/NNS issue/NN ?/. ,selecting drop downs issue ? 
B,1,ANSW,OP,username/JJ yes/UH ./. ,username yes . 
B,2,ANSW,OP,"clear/JJ &/CC amp/NN ;/: avoid/CC numerous/JJ tweeting/VBG back/RP &/CC amp/NN ;/: fourth/JJ ,/, following/VBG steps/NNS correctly/RB ./. ","clear & amp ; avoid numerous tweeting back & amp ; fourth , following steps correctly . "
B,3,ANSW,OP,username/JJ n't/RB mean/VB sound/NN like/IN arse/JJ tweeting/VBG two/CD days/NNS end/VBP sight/NN ./. ,username n't mean sound like arse tweeting two days end sight . 
B,4,REQ,OP,fix/JJ issue/NN ?/. ,fix issue ? 
A,1,ANSW,OP,"username/NN 's/POS cool/NN ,/, understand/JJ frustration/NN ./. ","username 's cool , understand frustration . "
A,2,REQ,OP,would/MD able/JJ send/VB picture/NN error/NN ?/. ,would able send picture error ? 
B,1,REQ,OP,"username/JJ yes/UH ,/, email/JJ address/NN send/NN ?/. ","username yes , email address send ? "
