speaker,thread_number,label,type,pos,utterance
A,1,REQ,OP,username/JJ something/NN wrong/JJ url/JJ ,username something wrong url 
A,2,ANSW,OP,sign/NN site/NN ./. ,sign site . 
B,1,REQ,OP,username/JJ error/NN getting/VBG try/VB sign/NN ?/. ,username error getting try sign ? 
A,1,ANSW,SV,username/JJ working/NN ./. ,username working . 
A,2,ANSW,SV,sure/RB going/VBG ./. ,sure going . 
B,1,RCPT,SV,"username/JJ alright/NN ,/, cool/NN ./. ","username alright , cool . "
B,2,REQ,SV,let/VB us/PRP know/VB starts/VBZ acting/VBG ^pc/NN ,let us know starts acting ^pc 
