speaker,thread_number,label,type,pos,utterance
A,1,REQ,OP,username/NN 's/POS number/NN years/NNS old/JJ ?/. ,username 's number years old ? 
A,2,ANSW,OP,unfortunately/RB sounds/VBZ like/IN needs/NNS repaired/VBN ./. ,unfortunately sounds like needs repaired . 
A,3,ANNOU,OP,'s/POS link/NN info/NN :/: url/JJ ^bb/NN ,'s link info : url ^bb 
B,1,ANSW,SV,username/JJ yeah/RB figured/VBN ./. ,username yeah figured . 
B,2,THK,SV,thank/NN !/. ,thank ! 
A,1,RESPOS,SV,"username/JJ 're/VBP welcome/JJ ,/, let/VB us/PRP know/VB help/NN anything/NN else/RB ./. ","username 're welcome , let us know help anything else . "
