speaker,thread_number,label,type,pos,utterance
A,1,ANSW,OP,username/JJ unfortunately/RB would/MD n't/RB info/VB in-game/JJ stats/NNS ./. ,username unfortunately would n't info in-game stats . 
A,2,ANSW,OP,might/MD want/VB try/NN contacting/VBG publisher/NN ./. ,might want try contacting publisher . 
B,1,ANNOU,OP,username/JJ &/CC gt/NN ;/: ./. ,username & gt ; . 
B,2,THK,SV,&/CC gt/NN ;/: great/JJ thanks/NNS ,& gt ; great thanks 
A,1,REQ,SV,"username/JJ sorry/JJ hear/NN ,/, let/VB us/PRP know/VB goes/VBZ ./. ","username sorry hear , let us know goes . "
B,1,ANSW,SV,username/JJ gon/NN na/TO start/VB NEGEMT/NNP seems/VBZ happened/VBD =/NNP bloody/NN sucks/NNS ,username gon na start NEGEMT seems happened = bloody sucks 
