speaker,thread_number,label,type,pos,utterance
A,1,REQ,OP,"username/JJ try/NN deleting/NN ,/, make/VBP sure/JJ clear/JJ cache/NN (/( http/NN :/: t.co08eqg1gr/NN )/) rebooting/VBG redownloading/VBG ?/. ","username try deleting , make sure clear cache ( http : t.co08eqg1gr ) rebooting redownloading ? "
B,1,ANSW,OP,username/JJ already/RB ./. ,username already . 
B,2,ANSW,OP,"still/RB n't/RB working/VBG ,/, sadly/RB ./. ","still n't working , sadly . "
B,3,ANSW,OP,"NEGEMT/NNP dlc/NN worked/VBD perfectly/RB ,/, problem/NN one/CD underdome/NN ./. ","NEGEMT dlc worked perfectly , problem one underdome . "
A,1,REQ,OP,username/RB much/JJ space/NN left/VBD hard/JJ drive/NN ?/. ,username much space left hard drive ? 
