speaker,thread_number,label,type,pos,utterance
A,1,REQ,OP,crona/NN able/JJ try/NN info/NNS gave/VBD earlier/JJR ?/. ,crona able try info gave earlier ? 
B,1,ANSW,OP,username/JJ got/VBD xbox/JJ instead/RB ./. ,username got xbox instead . 
B,2,ANSW,OP,renew/NN entered/VBD credit/NN card/NN info/NN said/VBD could/MD n't/RB receive/VB blah/NN blah/NN ./. ,renew entered credit card info said could n't receive blah blah . 
A,1,REQ,OP,crona/JJ access/NN profile/NN console/NN ?/. ,crona access profile console ? 
B,1,ANSW,OP,username/JJ never/RB said/VBD n't/RB .../: ../VB could/MD n't/RB log/VB computer/NN gave/VBD security/NN stuff/NN ./. ,username never said n't ... .. could n't log computer gave security stuff . 
A,1,ANSW,OP,crona/NN understood/NN ./. ,crona understood . 
A,2,ANSW,OP,"n't/RB know/VB password/NN n't/RB access/NN alternate/JJ info/NN ,/, link/NN sent/VBD would/MD necessary/JJ ./. ","n't know password n't access alternate info , link sent would necessary . "
B,1,ANSW,OP,username/JJ number/NN emails/NNS ./. ,username number emails . 
B,2,ANSW,OP,hacked/VBN n't/RB know/VB first/RB one/CD ./. ,hacked n't know first one . 
B,3,ANSW,OP,xbox/NNS gave/VBD new/JJ one/CD told/VBD make/NN alternate/NN ./. ,xbox gave new one told make alternate . 
A,1,REQ,OP,crona/NN n't/RB access/NN alternate/VB ?/. ,crona n't access alternate ? 
A,2,REQ,OP,contact/NN phone/NN support/NN happened/VBD ?/. ,contact phone support happened ? 
B,1,ANSW,OP,username/JJ yes/NNS would/MD n't/RB able/JJ get/VB account/NN ./. ,username yes would n't able get account . 
B,2,ANSW,OP,access/NN alternate/VBP one/CD hacked/NN ./. ,access alternate one hacked . 
A,1,REQ,OP,"crona/NN alright/NN ,/, please/VB try/VB link/NN input/NN info/JJ gain/NN access/NN ?/. ","crona alright , please try link input info gain access ? "
A,2,ANSW,OP,url/JJ ^bb/NN ,url ^bb 
B,1,ANSW,OP,username/NN want/VBP play/NN xbox/NNP dashboard/NN acting/NN ./. ,username want play xbox dashboard acting . 
A,1,REQ,OP,crona/NN yeah/NN ?/. ,crona yeah ? 
A,2,REQ,OP,'s/POS ?/. ,'s ? 
