speaker,thread_number,label,type,pos,utterance
A,1,REQ,OP,username/JJ region/NN throughout/IN year/NN ./. ,username region throughout year . 
A,2,ANSW,OP,"console/NN care/NN begin/VB new/JJ profile/NN ,/, continue/NN ./. ","console care begin new profile , continue . "
B,1,REQ,OP,username/JJ gamertag/NN set/VBN previously/RB different/JJ region/NN ?/. ,username gamertag set previously different region ? 
A,1,ANSW,OP,username/NN ./. ,username . 
A,2,ANSW,OP,live/JJ country/NN (/( brazil/NN )/) gamertag/NN created/VBD .../: ,live country ( brazil ) gamertag created ... 
B,1,ANSW,OP,username/JJ issue/NN might/MD emailgamertag/VB created/VBN different/JJ region/NN located/VBN ?/. ,username issue might emailgamertag created different region located ? 
A,1,REQ,OP,username/JJ region/NN gamertag/NN .../: ,username region gamertag ... 
A,2,REQ,OP,could/MD tell/VB ?/. ?/. ,could tell ? ? 
B,1,REQ,OP,username/JJ ever/RB contact/JJ support/NN past/IN changing/VBG region/NN ?/. ,username ever contact support past changing region ? 
A,1,ANSW,OP,username/NN going/VBG step/JJ step/NN ./. ,username going step step . 
A,2,REQ,OP,could/MD try/VB find/VB gamertag/JJ database/NN ?/. ,could try find gamertag database ? 
B,1,ANSW,OP,username/JJ n't/RB able/JJ access/NN info/NN ./. ,username n't able access info . 
B,2,ANSW,OP,(/( cont/NN )/) ^bb/NN ,( cont ) ^bb 
B,3,REQ,OP,"username/JJ test/NN ,/, try/VB creating/VBG new/JJ windows/NNS live/VBP id/JJ gamertag/NN see/VBP error/NN happens/NNS ?/. ","username test , try creating new windows live id gamertag see error happens ? "
A,1,ANSW,OP,username/JJ happen/NN .../: ,username happen ... 
A,2,ANSW,OP,usually/RB ./. ,usually . 
A,3,REQ,OP,username/NN could/MD try/VB find/VB gamertag/JJ database/NN ?/. ,username could try find gamertag database ? 
B,1,REQ,OP,username/JJ able/JJ create/NN new/JJ account/NN issues/NNS ?/. ,username able create new account issues ? 
A,1,ANSW,OP,username/JJ yes/UH ./. ,username yes . 
A,2,ANSW,OP,since/IN use/NN email/NN msndeco/NN @/NNP hotmail.com/NN ./. ,since use email msndeco @ hotmail.com . 
A,3,ANSW,OP,"using/VBG email/NN ,/, usually/RB ","using email , usually "
B,1,ANSW,OP,username/JJ sounds/NNS like/IN may/MD issue/VB old/JJ account/NN ./. ,username sounds like may issue old account . 
B,2,ANSW,OP,might/MD recommend/VB using/VBG newly/RB created/VBN account/NN ./. ,might recommend using newly created account . 
A,1,ANSW,OP,username/JJ agree/NN .../: ,username agree ... 
A,2,ANSW,OP,correct/JJ find/NN problem/NN solve/NN ./. ,correct find problem solve . 
A,3,REQ,OP,could/MD try/VB find/VB gamertag/JJ database/NN ?/. ,could try find gamertag database ? 
B,1,ANSW,OP,"username/JJ able/JJ find/NN info/NN ,/, unfortunately/RB ./. ","username able find info , unfortunately . "
B,2,ANSW,OP,phone/NN support/NN able/JJ verify/NN also/RB would/MD n't/RB able/JJ ./. ,phone support able verify also would n't able . 
A,1,ANSW,OP,username/JJ see/VBP image/NN gamertag/NN exists/VBZ somewhere/RB ./. ,username see image gamertag exists somewhere . 
A,2,REQ,OP,correct/NN ?/. ,correct ? 
B,1,REQ,OP,username/NN actually/RB last/JJ access/NN gt/NN ?/. ,username actually last access gt ? 
B,2,REQ,OP,played/VBN games/NNS ?/. ,played games ? 
A,1,ANSW,OP,username/JJ remember/VB last/JJ time/NN .../: ,username remember last time ... 
A,2,ANSW,OP,played/VBN street/NN fighter/NN 4/CD .../: ,played street fighter 4 ... 
A,3,REQ,OP,could/MD delete/VB gamertag/NN ?/. ,could delete gamertag ? 
B,1,REQ,OP,username/JJ played/VBD games/NNS windows/NNS live/VBP ?/. ,username played games windows live ? 
B,2,REQ,OP,never/RB xbox/$ 360/CD ?/. ,never xbox 360 ? 
A,1,ANSW,OP,username/JJ yes/NNS ,username yes 
B,1,REQ,OP,"username/JJ alright/VBD one/CD thing/NN try/NN ,/, visited/VBD gfwl/NN forums/NNS ?/. ","username alright one thing try , visited gfwl forums ? "
B,2,ANNOU,OP,url/JJ ^bb/NN ,url ^bb 
A,1,ANSW,OP,username/RB many/JJ times/NNS .../: ,username many times ... 
B,1,REQ,OP,username/JJ make/VB post/NN ?/. ,username make post ? 
A,1,ANSW,OP,username/JJ look/NN url/JJ ,username look url 
B,1,REQ,OP,username/JJ read/VBD post/NN sent/VBN earlier/RB ?/. ,username read post sent earlier ? 
A,1,ANSW,OP,username/JJ didi/VBP n't/RB think/VB would/MD mercy/VB forum/NN help/NN ,username didi n't think would mercy forum help 
B,1,ANSW,OP,username/NN unfortunately/RB still/RB forum/JJ think/VBP best/JJS suited/VBN get/NN figured/VBN ^pc/NN ,username unfortunately still forum think best suited get figured ^pc 
A,1,ANSW,OP,username/JJ thought/VBD xbox/RB live/JJ gfwl/NN become/VB one/CD ./. ,username thought xbox live gfwl become one . 
A,2,ANSW,OP,"problem/NN windows/VBZ live/JJ id/NN ,/, url/JJ ","problem windows live id , url "
B,1,ANSW,SV,"username/JJ 're/VBP using/VBG windows/NNS live/VBP idmicrosoft/JJ account/NN either/DT one/CD ,/, live/JJ support/NN forums/NNS able/JJ handle/JJ ^pc/NN ","username 're using windows live idmicrosoft account either one , live support forums able handle ^pc "
A,1,REQ,OP,"username/JJ hi/NN guys/NNS ,/, remember/VB ?/. ","username hi guys , remember ? "
A,2,REQ,OP,problem/NN ?/. ?/. ,problem ? ? 
A,3,ANNOU,OP,testing/VBG try/NN resolve/NN ./. ,testing try resolve . 
A,4,ANNOU,OP,would/MD refer/VB guys/NNS doubts/NNS ,would refer guys doubts 
B,1,REQ,OP,username/JJ tried/VBD changing/VBG live/JJ id/NN tied/VBN gamertag/NN ?/. ,username tried changing live id tied gamertag ? 
A,1,ANSW,OP,username/JJ msg/NN :/: alredy/NN gamertag/NN associated/VBN windows/NNS live/VBP id/NN ./. ,username msg : alredy gamertag associated windows live id . 
A,2,REQ,OP,could/MD nothing/NN database/VB ?/. ,could nothing database ? 
