speaker,thread_number,label,type,pos,utterance
A,1,REQ,OP,username/JJ able/JJ connect/NN live/CD ?/. ,username able connect live ? 
B,1,ANSW,OP,username/NN kicked/VBD whole/JJ party/NN took/VBD forever/RB log/VBN back/RP live/JJ ./. ,username kicked whole party took forever log back live . 
A,1,REQ,OP,username/NN back/RB ?/. ,username back ? 
B,1,ANSW,SV,username/JJ going/VBG good/JJ thanks/NNS ./. ,username going good thanks . 
A,1,RESPOS,SV,username/JJ great/JJ hear/NN ./. ,username great hear . 
A,2,REQ,SV,hit/VB us/PRP anytime/RB help/NN ./. ,hit us anytime help . 
