speaker,thread_number,label,type,pos,utterance
A,1,ANSW,OP,"username/JJ reports/NNS investigated/VBD ,/, unfortunately/RB n't/RB able/JJ decided/VBD n't/RB warrant/JJ suspension^bb/VB ","username reports investigated , unfortunately n't able decided n't warrant suspension^bb "
B,1,REQ,OP,username/JJ slag/NN bio/NN ?/. ,username slag bio ? 
B,2,REQ,OP,without/IN gettin/NN banned/VBN ?/. ,without gettin banned ? 
A,1,ANSW,SV,username/JJ please/NN follow/VB code/NN conduct/NN xbox/NNP live/NN ./. ,username please follow code conduct xbox live . 
B,1,ANSW,SV,username/RB well/RB dont/JJ think/NN ./. ,username well dont think . 
B,2,ANSW,SV,always/RB ./. ,always . 
