speaker,thread_number,label,type,pos,utterance
A,1,REQ,OP,username/JJ ms/NN points/NNS buying/VBG limit/NN ?/. ,username ms points buying limit ? 
A,2,ANNOU,OP,bought/VBD number/NN cant/NN freaking/VBG buy/VB ,bought number cant freaking buy 
B,1,REQ,OP,belogabe/RB many/JJ account/NN ?/. ,belogabe many account ? 
A,1,ANSW,OP,username/JJ number/NN ,username number 
B,1,REQ,OP,"belogabe/NN hmm/NN ,/, error/NN getting/VBG ?/. ","belogabe hmm , error getting ? "
A,1,ANSW,OP,username/JJ error/NN number/NN :/: ,username error number : 
B,1,REQ,OP,belogabe/NN pending/VBG purchases/NNS already/RB ?/. ,belogabe pending purchases already ? 
B,2,REQ,OP,current/JJ subscription/NN status/NN ?/. ,current subscription status ? 
A,1,ANSW,OP,"username/JJ really/RB ,/, number/NN year/NN gold/NN subscription/NN bought/VBD last/JJ month/NN ","username really , number year gold subscription bought last month "
B,1,ANSW,OP,"belogabe/NN alright/NN ,/, ``/`` account/VBP ``/`` section/NN url/NN shows/VBZ n't/RB expire/VB til/NN next/IN year/NN ?/. ","belogabe alright , `` account '' section url shows n't expire til next year ? "
A,1,RCPT,OP,username/JJ yepp/NN POSEMT/NNP ,username yepp POSEMT 
B,1,REQ,OP,belogabe/NN trying/VBG buy/VB points/NNS console/JJ website/NN ?/. ,belogabe trying buy points console website ? 
A,1,ANSW,OP,username/JJ tried/VBD :/: ,username tried : 
B,1,REQ,OP,belogabe/JJ visit/NN download/NN history/NN anything/NN pending/VBG ?/. ,belogabe visit download history anything pending ? 
