speaker,thread_number,label,type,pos,utterance
A,1,ANSW,OP,username/JJ check/NN latest/JJS recently/RB reduced/VBN content/NN :/: url/JJ ^bb/NN ,username check latest recently reduced content : url ^bb 
A,2,REQ,OP,"username/JJ sure/JJ ,/, anything/NN description/NN ?/. ","username sure , anything description ? "
B,1,ANSW,OP,username/JJ username/JJ ^bb/NN :/: descriptions/NNS number/NN dlcs/VBP deus/JJ ex/NN asking/VBG n't/RB descriptive/JJ enough/RB .../: ,username username ^bb : descriptions number dlcs deus ex asking n't descriptive enough ... 
B,2,ANSW,OP,asked/VBN ./. ,asked . 
A,1,ANSW,OP,"username/JJ far/RB know/VBP 's/POS available/JJ lock/NN in-game/NN ,/, available/JJ dlc/NN ./. ","username far know 's available lock in-game , available dlc . "
B,1,RCPT,OP,username/JJ username/JJ ok/NN ./. ,username username ok . 
B,2,THK,OP,thanks/NNS ./. ,thanks . 
A,1,RESPOS,OP,username/JJ 're/VBP welcome/JJ !/. ,username 're welcome ! 
B,1,ANSW,OP,username/JJ username/NN still/RB august/VBZ ``/`` recently/RB reduced/VBN ``/`` content/NN ./. ,username username still august `` recently reduced '' content . 
B,2,ANSW,OP,well/RB sept/NN ./. ,well sept . 
B,3,REQ,OP,new/JJ september/NN sales/NNS ?/. ,new september sales ? 
A,1,ANSW,OP,"username/JJ info/JJ content/NN change/NN ,/, sorry/NN !/. ","username info content change , sorry ! "
B,1,ANSW,OP,"username/JJ username/JJ deep/JJ ,/, deep/JJ sigh/NN ./. ","username username deep , deep sigh . "
B,2,ANSW,OP,posted/VBN suggestion/NN forums/NNS get/VBP quicker/NN ./. ,posted suggestion forums get quicker . 
B,3,ANSW,OP,replies/NNS ms/VBP ./. ,replies ms . 
B,4,COMPLAINT,OP,NEGEMT/NN ,NEGEMT 
A,1,ANSW,SV,"username/JJ hear/JJ ya/NN ,/, unfortunately/RB n't/RB info/VB currently/RB ./. ","username hear ya , unfortunately n't info currently . "
A,2,ANSW,SV,far/RB know/VBP 's/POS set/JJ time/NN changes/NNS ./. ,far know 's set time changes . 
B,1,ANSW,OP,username/RB well/RB .../: ,username well ... 
B,2,REQ,OP,like/IN maybe/RB 1st/CD month/NN ?/. ,like maybe 1st month ? 
B,3,ANSW,OP,concept/NN !/. ,concept ! 
B,4,ANSW,OP,#/# sarcastictweet/NN lol/NN !/. !/. !/. ,# sarcastictweet lol ! ! ! 
B,5,RESPOS,SV,"good/JJ day/NN ,/, ^bb/NN !/. !/. !/. ","good day , ^bb ! ! ! "
A,1,ANSW,SV,username/JJ totally/RB understand/VBP ./. ,username totally understand . 
A,2,THK,SV,thanks/NNS stickin/VBP '/'' us/PRP ./. ,thanks stickin ' us . 
A,3,RESPOS,SV,cheers/NNS ./. ,cheers . 
