speaker,thread_number,label,type,pos,utterance
A,1,REQ,OP,username/JJ wont/JJ password/NN reset/NN link/VBP come/VBN email/JJ 've/VBP waiting/VBG number/NN days/NNS !/. ,username wont password reset link come email 've waiting number days ! 
B,1,REQ,OP,username/JJ check/VB junk/NN spam/NN folders/NNS ?/. ,username check junk spam folders ? 
B,2,REQ,OP,go/VB url/JJ sent/NN ./. ,go url sent . 
A,1,ANSW,OP,username/JJ ive/JJ done/VBN number/NN times/NNS .../: ,username ive done number times ... 
A,2,ANSW,OP,'ve/VBP rang/VBN keep/VB telling/VBG wait/JJ wait/NN wait/NN another/DT 24hours/CD xbox/NN set/VBN account/NN ,'ve rang keep telling wait wait wait another 24hours xbox set account 
B,1,REQ,OP,username/JJ last/JJ time/NN spoke/VBD phone/NN team/NN ?/. ,username last time spoke phone team ? 
A,1,ANSW,OP,username/JJ today/NN ../VBP ,username today .. 
A,2,ANSW,OP,got/VBD told/VBN wait/NN 24hours/CD ../NN ,got told wait 24hours .. 
A,3,ANSW,OP,ive/JJ past/IN number/NN days/NNS ../VBP ,ive past number days .. 
A,4,ANSW,OP,service/NN number/NN :/: number/NN ,service number : number 
