speaker,thread_number,label,type,pos,utterance
A,1,REQ,OP,username/JJ n't/RB showing/VBG currently/RB ?/. ,username n't showing currently ? 
B,1,ANSW,OP,"username/JJ call/NN dead/JJ shangri/NN la/NN map/NN packs/NNS zombies/NNS ,/, show/VBP storage/NN ","username call dead shangri la map packs zombies , show storage "
A,1,REQ,OP,"username/JJ alright/VBD showing/VBG storage/NN ,/, in-game/JJ ,/, correct/VB ?/. ","username alright showing storage , in-game , correct ? "
B,1,ANSW,OP,username/JJ yes/NNS correct/VBP ,username yes correct 
A,1,REQ,OP,username/JJ collection/NN maps/NNS ?/. ,username collection maps ? 
B,1,ANSW,OP,"username/JJ call/NN duty/NN black/JJ ops/NNS ,/, annilhilation/NN map/NNP pack/NN &/CC amp/NN ;/: escalation/NN map/VBZ pack/NN ","username call duty black ops , annilhilation map pack & amp ; escalation map pack "
A,1,REQ,OP,username/NN trying/VBG play/NN profile/NN purchased/VBN ?/. ,username trying play profile purchased ? 
B,1,ANSW,OP,"username/JJ yes/UH ,/, connect/JJ xbox/NNP live/VBP offline/NN ca/MD n't/RB find/VB 'm/VBP really/RB happy/JJ ","username yes , connect xbox live offline ca n't find 'm really happy "
A,1,REQ,OP,username/JJ available/JJ online/NN use/NN ?/. ,username available online use ? 
B,1,ANSW,OP,username/JJ connect/JJ internet/NN 'm/VBP connected/VBN ,username connect internet 'm connected 
A,1,REQ,OP,username/JJ ever/RB able/JJ play/NN offline/NN ?/. ,username ever able play offline ? 
B,1,ANSW,OP,username/JJ yeah/NN able/JJ ,username yeah able 
A,1,REQ,OP,username/JJ start/NN able/JJ ?/. ,username start able ? 
A,2,REQ,OP,ever/RB redownload/NN ?/. ,ever redownload ? 
B,1,ANSW,OP,username/JJ yeah/NN redownloaded/VBD today/NN ,username yeah redownloaded today 
A,1,REQ,OP,username/JJ tried/VBD license/NN transfer/NN ?/. ,username tried license transfer ? 
A,2,REQ,OP,url/JJ ^bb/NN ,url ^bb 
