speaker,thread_number,label,type,pos,utterance
A,1,REQ,OP,username/JJ always/RB like/IN plug/NN one/CD controller/NN ?/. ,username always like plug one controller ? 
A,2,REQ,OP,second/JJ controller/NN added/VBD ?/. ,second controller added ? 
B,1,ANSW,OP,username/JJ second/JJ controller/NN lights/NNS number/NN 3/CD ./. ,username second controller lights number 3 . 
A,1,REQ,OP,username/JJ let/NN 's/POS try/VB removing/VBG discs/JJ laying/JJ console/NN horizontally/RB seconds/VBZ ^pc/JJ ,username let 's try removing discs laying console horizontally seconds ^pc 
