speaker,thread_number,label,type,pos,utterance
A,1,REQ,OP,username/JJ getting/VBG specific/JJ error/NN message/NN ?/. ,username getting specific error message ? 
B,1,ANSW,OP,username/JJ yes/UH number/NN error/NN option/NN given/VBN window/NN closes/NNS returns/VBP xbox/NNP home/NN ,username yes number error option given window closes returns xbox home 
A,1,APOL,OP,"username/JJ alright/NN ,/, sorry/NN ./. ","username alright , sorry . "
A,2,ANSW,SV,'s/POS currently/RB issues/NNS app/VBP investigated/VBN :/: url/JJ ^bb/NN ,'s currently issues app investigated : url ^bb 
B,1,THK,SV,username/JJ thanks/NNS !/. ,username thanks ! 
B,2,ANNOU,SV,wait/NN solved/VBD ./. ,wait solved . 
B,3,THK,SV,thanks/NNS help/VBP ,thanks help 
A,1,RESPOS,SV,username/JJ 're/VBP welcome/JJ !/. ,username 're welcome ! 
A,2,THK,SV,thank/NN patience/NN ./. ,thank patience . 
