speaker,thread_number,label,type,pos,utterance
A,1,REQ,OP,username/NN able/JJ try/VB hard/JJ drive/NN removed/VBN ?/. ,username able try hard drive removed ? 
B,1,ANSW,OP,username/JJ idea/NN remove/VB hard/JJ drive/NN ./. ,username idea remove hard drive . 
B,2,ANSW,OP,'s/POS freezing/VBG working/VBG really/RB slow/VB .../: ,'s freezing working really slow ... 
A,1,REQ,OP,username/JJ try/NN clearing/VBG cache/NN resetting/VBG console/NN ?/. ,username try clearing cache resetting console ? 
A,2,REQ,OP,'s/POS :/: url/JJ ^bb/NN ,'s : url ^bb 
