speaker,thread_number,label,type,pos,utterance
A,1,ANSW,OP,username/JJ suspension/NN lifted/VBD time/NN day/NN went/VBD effect/NN ./. ,username suspension lifted time day went effect . 
B,1,REQ,OP,username/JJ dont/NN know/VBP im/JJ wondering/VBG tell/NN ?/. ,username dont know im wondering tell ? 
A,1,ANSW,OP,"username/JJ info/NN suspensions/NNS ,/, sorry/NN !/. ","username info suspensions , sorry ! "
B,1,ANSW,OP,username/JJ let/VB sign/NN !/. ,username let sign ! 
A,1,REQ,OP,username/JJ sure/JJ time/NN started/VBD set/VBN end/NN ?/. ,username sure time started set end ? 
B,1,ANSW,OP,"username/JJ see/VBP dont/JJ clue/NN went/VBD morning/NN came/VBD message/NN ,/, bio/NN ages/NNS happens/VBP ","username see dont clue went morning came message , bio ages happens "
A,1,REQ,OP,username/JJ receive/JJ email/NN suspension/NN ?/. ,username receive email suspension ? 
B,1,ANSW,OP,username/JJ yeah/NN man/NN ,username yeah man 
A,1,REQ,OP,username/JJ let/NN know/VBP additional/JJ info/NN ?/. ,username let know additional info ? 
A,2,ANSW,SV,unfortunately/RB n't/RB ./. ,unfortunately n't . 
B,1,ANSW,SV,username/JJ nope/NN nothing/NN cheers/NNS anyway/RB !/. ,username nope nothing cheers anyway ! 
A,1,ANSW,SV,username/NN hopefully/RB get/VB back/RB soon/RB ./. ,username hopefully get back soon . 
