speaker,thread_number,label,type,pos,utterance
A,1,REQ,OP,"username/JJ make/VB sure/JJ delete/JJ dlc/NN ,/, clear/JJ cahce/NN :/: url/JJ reboot/NN redownload/NN ./. ","username make sure delete dlc , clear cahce : url reboot redownload . "
B,1,ANSW,OP,username/JJ yeah/RB started/VBD fresh/JJ still/RB NEGEMT/NNP ,username yeah started fresh still NEGEMT 
A,1,ANSW,OP,username/NN found/VBD solution/NN :/: url/JJ give/VBP shot/NN !/. ,username found solution : url give shot ! 
B,1,ANSW,OP,username/JJ erm/NN problem/NN relates/VBZ ea/JJ games/NNS battlefield/VBD :/: bad/JJ company/NN 2/CD .../: ./. ,username erm problem relates ea games battlefield : bad company 2 ... . 
A,1,APOL,OP,username/JJ sorry/NN !/. ,username sorry ! 
A,2,ANSW,OP,meant/NN someone/NN else/RB ./. ,meant someone else . 
A,3,REQ,OP,able/JJ try/NN downloading/VBG dlc/JJ usb/JJ device/NN ?/. ,able try downloading dlc usb device ? 
B,1,ANSW,OP,username/JJ deleted/VBD everything/NN trying/VBG ./. ,username deleted everything trying . 
A,1,REQ,OP,username/NN would/MD able/JJ download/NN demos/NN (/( enough/JJ cover/NN space/NN bf3/IN dlc/NN )/) downlod/NN bf3/NN dlc/NN ?/. ,username would able download demos ( enough cover space bf3 dlc ) downlod bf3 dlc ? 
B,1,ANSW,OP,username/NN 's/POS bf3/JJ issue/NN ./. ,username 's bf3 issue . 
B,2,ANSW,OP,'s/POS games/NNS demand/VBP version/NN bad/JJ company/NN 2/CD ./. ,'s games demand version bad company 2 . 
B,3,ANSW,OP,appears/VBZ iso/JJ file/NN corrupted/VBD server/NN ,appears iso file corrupted server 
A,1,REQ,OP,"username/JJ friends/NNS console/NN could/MD try/VB downloading/VBG ,/, test/NN completes/NNS ?/. ","username friends console could try downloading , test completes ? "
B,1,ANSW,OP,username/NN ./. ,username . 
B,2,ANSW,OP,"'ve/VBP tried/VBN consoles/NNS ,/, result/NN ./. ","'ve tried consoles , result . "
B,3,ANSW,OP,username/JJ number/NN attempts/NNS downloading/VBG taking/VBG theâ€¦../NN ,username number attempts downloading taking theâ€¦.. 
B,4,ANSW,OP,know/JJ mean/NN ./. ,know mean . 
B,5,ANSW,OP,gb/NN 5mbps/CD internet/NN connection/NN takes/VBZ time/NN ./. ,gb 5mbps internet connection takes time . 
A,1,REQ,OP,username/JJ different/JJ storage/NN devices/NNS ?/. ,username different storage devices ? 
A,2,REQ,OP,trying/VBG download/NN different/JJ profile/NN ?/. ,trying download different profile ? 
B,1,REQ,OP,username/JJ mean/JJ purchasing/NN game/NN another/DT gamer/NN tag/NN ?/. ,username mean purchasing game another gamer tag ? 
B,2,ANSW,OP,thank/NN ./. ,thank . 
A,1,ANSW,OP,"username/JJ hear/JJ ya/NN ,/, trying/VBG anyway/RB get/VB working/VBG ./. ","username hear ya , trying anyway get working . "
A,2,REQ,OP,username/NN contacted/VBD phone/NN support/NN issue/NN ?/. ,username contacted phone support issue ? 
B,1,ANSW,OP,username/NN escalated/VBD POSEMT/NNP ,username escalated POSEMT 
A,1,REQ,OP,"username/JJ ah/NN ,/, got/VBD hold/VBN ?/. ","username ah , got hold ? "
B,1,ANSW,OP,username/JJ yeah/NN guys/NNS still/RB sleeping/VBG west/JJS coast/NN POSEMT/NN ,username yeah guys still sleeping west coast POSEMT 
A,1,THK,SV,"username/JJ good/JJ hear/NN ,/, thanks/NNS letting/VBG us/PRP know/VBP ./. ","username good hear , thanks letting us know . "
A,2,REQ,SV,keep/VB us/PRP updated/JJ okay/NN ?/. ,keep us updated okay ? 
B,1,ANSW,SV,username/JJ yeah/JJ sure/NN ./. ,username yeah sure . 
A,1,THK,SV,username/JJ thank/NN !/. ,username thank ! 
A,2,ANNOU,SV,hoping/VBG get/NN figured/VBN ./. ,hoping get figured . 
