speaker,thread_number,label,type,pos,utterance
A,1,REQ,OP,"username/JJ try/NN resetting/VBG modem/JJ router/NN ,/, resetting/VBG console/NN ?/. ","username try resetting modem router , resetting console ? "
B,1,ANSW,OP,"username/JJ already/RB done/VBN ,/, clear/JJ message/NN game/NN console/NN ./. ","username already done , clear message game console . "
B,2,REQ,OP,something/NN wrong/JJ halo/JJ servers/NNS maybe/RB ?/. ,something wrong halo servers maybe ? 
A,1,ANSW,OP,"username/JJ hmm/NN ,/, let/NN 's/POS also/RB try/VB clearing/VBG cache/NN resetting/VBG console/JJ url/JJ ^bb/NN ","username hmm , let 's also try clearing cache resetting console url ^bb "
