speaker,thread_number,label,type,pos,utterance
A,1,ANSW,SV,"username/JJ issues/NNS currently/RB looked/VBD ,/, keep/VB eye/NN url/JJ updates/NNS ./. ","username issues currently looked , keep eye url updates . "
A,2,THK,SV,thank/NN !/. ,thank ! 
B,1,THK,SV,username/JJ okay/JJ thanks/NNS ,username okay thanks 
A,1,THK,SV,username/JJ thanks/NNS patience/NN !/. ,username thanks patience ! 
B,1,REQ,OP,"username/JJ status/NN page/NN says/VBZ check/VB back/RB 30/CD ,/, supposed/VBD number/NN minutes/NNS ?/. ","username status page says check back 30 , supposed number minutes ? "
A,1,ANSW,SV,username/NN would/MD assume/VB number/NN minutes/NNS ./. ,username would assume number minutes . 
A,2,ANSW,SV,would/MD keep/VB eye/NN alert/NN removed/VBD ./. ,would keep eye alert removed . 
B,1,THK,SV,username/JJ okay/JJ thanks/NNS POSEMT/VBD ,username okay thanks POSEMT 
