speaker,thread_number,label,type,pos,utterance
A,1,REQ,OP,username/JJ current/JJ subscription/NN status/NN ?/. ,username current subscription status ? 
A,2,REQ,OP,previous/JJ gold/NN subscription/NN expired/VBD ?/. ,previous gold subscription expired ? 
B,1,ANSW,OP,"username/JJ yes/UH ,/, subscription/NN status/NN changed/VBD silver/RB yesterday/NN ,/, 'm/VBP tried/VBN 's/POS worked/VBN POSEMT/NN ","username yes , subscription status changed silver yesterday , 'm tried 's worked POSEMT "
A,1,ANSW,SV,username/JJ usually/RB indicates/VBZ payment/NN instrument/NN expired/VBD ./. ,username usually indicates payment instrument expired . 
A,2,ANSW,SV,add/VB new/JJ one/CD instructions/NNS :/: url/NN ^jc/NN ,add new one instructions : url ^jc 
A,3,ANSW,SV,username/JJ oh/JJ cool/NN ./. ,username oh cool . 
A,4,THK,SV,thank/NN update/NN ./. ,thank update . 
A,5,COMPLIM,SV,:/: )/) ^jc/NN ,: ) ^jc 
