speaker,thread_number,label,type,pos,utterance
A,1,REQ,OP,username/JJ got/VBD error/RB ?/. ,username got error ? 
B,1,REQ,OP,username/NN ?/. ,username ? 
B,2,REQ,OP,gn/NN ?/. ,gn ? 
B,3,REQ,OP,ng/RB ?/. ,ng ? 
B,4,REQ,OP,nto/IN xbl/NNP aga/NN ?/. ,nto xbl aga ? 
B,5,ANNOU,OP,n/NN ,n 
A,1,REQ,OP,username/JJ tried/VBD far/RB ?/. ,username tried far ? 
B,1,REQ,OP,username/NN ?/. ,username ? 
B,2,REQ,OP,redownloaded/VBN prof/NN ?/. ,redownloaded prof ? 
B,3,REQ,OP,les/NNS workedre/VBP k/NN ?/. ,les workedre k ? 
B,4,REQ,OP,nda/NN ?/. ,nda ? 
B,5,REQ,OP,ck/NN hav/NN ?/. ,ck hav ? 
B,6,REQ,OP,ng/JJ keep/VB redownload/NN ?/. ,ng keep redownload ? 
B,7,REQ,OP,ng/JJ number/NN xbl/NNP prof/NN ?/. ,ng number xbl prof ? 
B,8,ANNOU,OP,les/NNS ,les 
A,1,REQ,OP,"username/JJ hear/JJ ya/NN ,/, often/RB ?/. ","username hear ya , often ? "
B,1,REQ,OP,username/JJ yeah/NN :/: ?/. ,username yeah : ? 
B,2,REQ,OP,looked/VBD corrupt/JJ f/NN ?/. ,looked corrupt f ? 
B,3,ANNOU,OP,les/NNS cant/VBP see/VB ,les cant see 
A,1,REQ,OP,username/JJ saving/VBG profile/NN usb/JJ device/NN ?/. ,username saving profile usb device ? 
