speaker,thread_number,label,type,pos,utterance
A,1,REQ,OP,username/JJ hi/NN 've/VBP got/VBN one/CD new/JJ xboxs/NN (/( black/JJ one/CD )/) fans/NNS stopped/VBD working/VBG middle/JJ console/JJ keeps/NNS restarting/VBG !/. ,username hi 've got one new xboxs ( black one ) fans stopped working middle console keeps restarting ! 
B,1,ANSW,OP,username/JJ see/NN ./. ,username see . 
B,2,REQ,OP,light/JJ power/NN brick/NN happens/VBZ ?/. ,light power brick happens ? 
A,1,ANSW,OP,username/JJ turns/VBZ number/NN light/JJ green/JJ lights/NNS around/IN power/NN button/NN ,username turns number light green lights around power button 
B,1,THK,OP,"username/JJ okay/NN ,/, thanks/NNS ./. ","username okay , thanks . "
B,2,REQ,OP,light/JJ power/NN supply/NN ?/. ,light power supply ? 
A,1,ANSW,OP,username/JJ stays/NNS green/JJ !/. ,username stays green ! 
B,1,ANSW,OP,username/JJ interesting/NN ./. ,username interesting . 
B,2,REQ,OP,kind/NN av/JJ connection/NN using/VBG ?/. ,kind av connection using ? 
A,1,ANSW,OP,username/JJ normal/JJ hdmi/NN cable/NN ,username normal hdmi cable 
B,1,REQ,OP,username/NN would/MD able/JJ try/VB composite/JJ component/NN cable/NN ?/. ,username would able try composite component cable ? 
A,1,ANSW,OP,username/NN still/RB outcome/VBZ NEGEMT/NNP ,username still outcome NEGEMT 
B,1,ANSW,OP,username/JJ darn/NN ./. ,username darn . 
B,2,REQ,OP,"okay/NN ,/, plugging/VBG console/JJ different/JJ outlet/NN ?/. ","okay , plugging console different outlet ? "
A,1,ANSW,SV,username/JJ moment/NN working/VBG occurs/NNS later/RB shall/MD tweet/VB thanks/NNS lot/VB help/NN !/. ,username moment working occurs later shall tweet thanks lot help ! 
